,0,1,2,3,4,5,6
0,53.0,52401.0,0,2,0,74,0
1,52401.0,53.0,0,2,0,90,0
2,465.0,35361.0,0,8,0,599,750
3,35361.0,465.0,0,6,0,137,0
4,53.0,39924.0,0,2,0,72,0
5,53.0,32921.0,0,1,0,36,0
6,39924.0,53.0,0,2,0,88,0
7,32921.0,53.0,0,1,0,52,0
8,443.0,52657.0,0,15,0,1122,1958
9,52657.0,443.0,0,15,0,4757,1245
10,465.0,35362.0,0,98,0,21176,6521
11,35362.0,465.0,0,34,0,894,17484
12,41302.0,993.0,0,232,0,47474,5475
13,993.0,41302.0,0,90,0,281,13615
14,53.0,51350.0,0,2,0,72,0
15,443.0,52657.0,0,3,0,394,705
16,52657.0,443.0,0,4,0,445,0
17,51350.0,53.0,0,2,0,88,0
18,465.0,35364.0,0,101,0,21468,5058
19,35364.0,465.0,0,34,0,894,15524
20,53.0,52794.0,0,2,0,74,0
21,41302.0,993.0,0,217,0,48092,5036
22,993.0,41302.0,0,68,0,280,8694
23,52794.0,53.0,0,2,0,90,0
24,53.0,54487.0,0,2,0,72,0
25,443.0,52657.0,0,3,0,394,505
26,52657.0,443.0,0,4,0,320,0
27,54487.0,53.0,0,2,0,88,0
28,44749.0,993.0,0,16,0,3057,3277
29,993.0,44749.0,0,10,0,277,2828
30,465.0,35365.0,0,99,0,21112,4684
31,35365.0,465.0,0,7,0,900,15533
32,41302.0,993.0,0,220,0,48052,5100
33,993.0,41302.0,0,73,0,281,9555
34,53.0,36774.0,0,2,0,72,0
35,443.0,52657.0,0,3,0,394,507
36,52657.0,443.0,0,4,0,351,0
37,36774.0,53.0,0,2,0,88,0
38,44749.0,993.0,0,15,0,1237,2928
39,993.0,44749.0,0,9,0,279,2448
40,465.0,42120.0,0,106,0,20915,5079
41,42120.0,465.0,0,20,0,4506,15084
42,41302.0,993.0,0,228,0,48027,4358
43,993.0,41302.0,0,95,0,281,10120
44,53.0,45465.0,0,2,0,74,0
45,45465.0,53.0,0,2,0,90,0
46,53.0,49509.0,0,2,0,72,0
47,443.0,52657.0,0,5,0,394,667
48,52657.0,443.0,0,5,0,458,159
49,49509.0,53.0,0,2,0,88,0
50,465.0,42121.0,0,97,0,21315,4422
51,42121.0,465.0,0,21,0,894,12636
52,41302.0,993.0,0,208,0,45122,4638
53,993.0,41302.0,0,54,0,280,8148
54,53.0,42712.0,0,2,0,72,0
55,443.0,52657.0,0,3,0,394,502
56,52657.0,443.0,0,4,0,467,0
57,42712.0,53.0,0,2,0,88,0
58,465.0,47053.0,0,100,0,20422,4911
59,47053.0,465.0,0,235,0,4518,13981
60,53.0,49983.0,0,2,0,72,0
61,443.0,52657.0,0,3,0,394,657
62,52657.0,443.0,0,4,0,529,0
63,49983.0,53.0,0,2,0,88,0
64,41302.0,993.0,0,253,0,48655,4135
65,993.0,41302.0,0,138,0,639,30929
66,44749.0,993.0,0,218,0,49593,5207
67,993.0,44749.0,0,50,0,409,9810
68,465.0,47054.0,0,97,0,21083,5149
69,47054.0,465.0,0,2,0,900,13282
70,53.0,48616.0,0,2,0,74,0
71,48616.0,53.0,0,2,0,90,152
72,53.0,44326.0,0,2,0,72,0
73,443.0,52657.0,0,3,0,394,518
74,52657.0,443.0,0,4,0,481,0
75,44326.0,53.0,0,2,0,88,0
76,41302.0,993.0,0,162,0,4894,5703
77,993.0,41302.0,0,3,0,452,24001
78,465.0,47055.0,0,99,0,20764,5057
79,47055.0,465.0,0,238,0,906,13925
80,53.0,59785.0,0,2,0,72,0
81,443.0,52657.0,0,3,0,394,607
82,52657.0,443.0,0,4,0,377,0
83,59785.0,53.0,0,2,0,88,23
84,44749.0,993.0,0,248,0,49472,9742
85,993.0,44749.0,0,130,0,558,16247
86,465.0,35795.0,0,106,0,20625,7286
87,35795.0,465.0,0,254,0,4500,15823
88,41302.0,993.0,0,12,0,58260,209
89,993.0,41302.0,0,48,0,570,27541
90,53.0,58019.0,0,2,0,72,0
91,443.0,52657.0,0,5,0,394,643
92,52657.0,443.0,0,5,0,435,150
93,58019.0,53.0,0,2,0,88,0
94,44749.0,993.0,0,250,0,50711,10350
95,993.0,44749.0,0,59,0,1070,29998
96,465.0,35796.0,0,95,0,20997,3086
97,35796.0,465.0,0,11,0,896,12399
98,44749.0,993.0,0,2,0,38,0
99,993.0,41302.0,0,6,0,160,1907
100,41302.0,993.0,0,8,0,268,1895
101,53.0,39689.0,0,2,0,74,0
102,39689.0,53.0,0,2,0,90,103
103,53.0,58129.0,0,2,0,72,0
104,58129.0,53.0,0,2,0,88,157
105,443.0,52657.0,0,5,0,394,793
106,52657.0,443.0,0,5,0,551,105
107,993.0,44749.0,0,35,0,482,25221
108,465.0,35797.0,0,96,0,21316,3831
109,35797.0,465.0,0,25,0,890,11275
110,44749.0,993.0,0,211,0,50352,913
111,993.0,41302.0,0,6,0,157,1873
112,41302.0,993.0,0,8,0,240,1800
113,53.0,46577.0,0,2,0,72,0
114,443.0,52657.0,0,5,0,394,880
115,52657.0,443.0,0,5,0,528,164
116,46577.0,53.0,0,2,0,88,219
117,465.0,35798.0,0,95,0,21084,3022
118,35798.0,465.0,0,251,0,902,10894
119,44749.0,993.0,0,223,0,49831,6541
120,993.0,44749.0,0,20,0,556,9992
121,53.0,46330.0,0,2,0,72,0
122,46330.0,53.0,0,2,0,88,139
123,41302.0,993.0,0,172,0,31152,4757
124,993.0,41302.0,0,102,0,772,30577
125,443.0,52657.0,0,3,0,394,507
126,52657.0,443.0,0,4,0,339,0
127,465.0,35799.0,0,96,0,21113,3250
128,35799.0,465.0,0,226,0,890,9175
129,53.0,42354.0,0,2,0,74,0
130,42354.0,53.0,0,2,0,90,0
131,53.0,54295.0,0,2,0,72,0
132,54295.0,53.0,0,2,0,88,0
133,443.0,52657.0,0,3,0,394,599
134,52657.0,443.0,0,4,0,320,0
135,465.0,35800.0,0,96,0,20591,3208
136,35800.0,465.0,0,233,0,902,9783
137,993.0,41302.0,0,102,0,444,21899
138,41302.0,993.0,0,154,0,29767,314
139,53.0,44501.0,0,2,0,72,0
140,44501.0,53.0,0,2,0,88,0
141,44749.0,993.0,0,0,0,52795,4454
142,993.0,44749.0,0,71,0,1019,28570
143,443.0,52657.0,0,5,0,394,748
144,52657.0,443.0,0,5,0,499,152
145,465.0,35801.0,0,96,0,21430,3008
146,35801.0,465.0,0,252,0,902,11108
147,41302.0,993.0,0,241,0,48419,3857
148,993.0,41302.0,0,141,0,449,14210
149,53.0,40507.0,0,2,0,72,0
150,53.0,53218.0,0,2,0,72,0
151,40507.0,53.0,0,2,0,88,0
152,53218.0,53.0,0,2,0,88,145
153,443.0,52657.0,0,3,0,394,649
154,52657.0,443.0,0,4,0,409,0
155,44749.0,993.0,0,35,0,1929,15869
156,993.0,44749.0,0,22,0,681,15299
157,465.0,35802.0,0,96,0,20649,3366
158,35802.0,465.0,0,228,0,902,13006
159,995.0,38736.0,0,114,0,763,28566
160,38736.0,995.0,0,112,0,3809,6753
161,53.0,47885.0,0,2,0,74,0
162,47885.0,53.0,0,2,0,90,128
163,44749.0,993.0,0,244,0,47043,7375
164,993.0,44749.0,0,111,0,563,10997
165,53.0,47189.0,0,2,0,72,0
166,47189.0,53.0,0,2,0,88,79
167,443.0,52657.0,0,3,0,394,632
168,52657.0,443.0,0,4,0,376,0
169,41302.0,993.0,0,188,0,29953,15546
170,993.0,41302.0,0,158,0,563,24690
171,465.0,35804.0,0,103,0,21374,16903
172,35804.0,465.0,0,229,0,896,24364
173,38736.0,995.0,0,244,0,30534,743
174,995.0,38736.0,0,23,0,260,20086
175,993.0,44749.0,0,41,0,325,9512
176,44749.0,993.0,0,177,0,34111,5423
177,41302.0,993.0,0,231,0,48616,5180
178,993.0,41302.0,0,54,0,604,31911
179,993.0,44749.0,0,47,0,330,7311
180,53.0,52325.0,0,2,0,72,0
181,443.0,52657.0,0,5,0,394,814
182,52657.0,443.0,0,5,0,552,154
183,52325.0,53.0,0,2,0,88,10
184,465.0,35805.0,0,95,0,21527,5605
185,35805.0,465.0,0,27,0,896,10044
186,53.0,49656.0,0,2,0,74,0
187,49656.0,53.0,0,2,0,90,98
188,53.0,44297.0,0,2,0,72,0
189,443.0,52657.0,0,3,0,394,467
190,52657.0,443.0,0,4,0,452,0
191,44297.0,53.0,0,2,0,88,2
192,41302.0,993.0,0,218,0,47867,3950
193,993.0,41302.0,0,65,0,208,8333
194,465.0,35806.0,0,96,0,21113,3722
195,35806.0,465.0,0,233,0,890,11987
196,44749.0,993.0,0,218,0,49088,2708
197,993.0,44749.0,0,82,0,330,8750
198,53.0,47768.0,0,2,0,72,0
199,443.0,52657.0,0,5,0,394,593
200,52657.0,443.0,0,5,0,507,50
201,47768.0,53.0,0,2,0,88,0
202,41302.0,993.0,0,224,0,48397,6533
203,993.0,41302.0,0,81,0,364,14376
204,465.0,35807.0,0,97,0,21150,3097
205,35807.0,465.0,0,207,0,890,9694
206,44749.0,993.0,0,222,0,49473,5303
207,993.0,44749.0,0,37,0,564,10624
208,53.0,51045.0,0,2,0,72,0
209,443.0,52657.0,0,5,0,394,756
210,52657.0,443.0,0,5,0,561,199
211,51045.0,53.0,0,2,0,88,202
212,465.0,35808.0,0,97,0,21055,3265
213,35808.0,465.0,0,240,0,908,9345
214,993.0,41302.0,0,72,0,601,29766
215,41302.0,993.0,0,234,0,48362,26144
216,53.0,59061.0,0,2,0,74,0
217,59061.0,53.0,0,2,0,90,0
218,53.0,52101.0,0,2,0,72,0
219,443.0,52657.0,0,5,0,394,714
220,52657.0,443.0,0,5,0,542,41
221,52101.0,53.0,0,2,0,88,0
222,465.0,35809.0,0,96,0,20765,3160
223,35809.0,465.0,0,231,0,902,9869
224,41302.0,993.0,0,209,0,47867,6513
225,993.0,41302.0,0,46,0,198,10671
226,44749.0,993.0,0,155,0,52830,8002
227,993.0,44749.0,0,113,0,814,25475
228,53.0,60703.0,0,2,0,72,0
229,443.0,52657.0,0,5,0,394,857
230,52657.0,443.0,0,5,0,503,205
231,60703.0,53.0,0,2,0,88,212
232,465.0,35810.0,0,95,0,21229,3331
233,35810.0,465.0,0,251,0,902,10599
234,44749.0,993.0,0,39,0,45883,2372
235,993.0,44749.0,0,25,0,83,678
236,993.0,41302.0,0,8,0,156,2959
237,41302.0,993.0,0,8,0,268,1886
238,53.0,35310.0,0,2,0,72,0
239,35310.0,53.0,0,2,0,88,0
240,443.0,52657.0,0,3,0,394,607
241,52657.0,443.0,0,4,0,473,0
242,465.0,35811.0,0,95,0,21200,2858
243,35811.0,465.0,0,231,0,902,10135
244,44749.0,993.0,0,224,0,49109,4757
245,993.0,44749.0,0,103,0,329,11031
246,53.0,54937.0,0,2,0,74,0
247,54937.0,53.0,0,2,0,90,7
248,53.0,53206.0,0,2,0,72,0
249,443.0,52657.0,0,5,0,394,788
250,52657.0,443.0,0,5,0,568,38
251,53206.0,53.0,0,2,0,88,133
252,41302.0,993.0,0,161,0,38349,12074
253,993.0,41302.0,0,71,0,684,26357
254,465.0,35812.0,0,99,0,21084,3839
255,35812.0,465.0,0,238,0,908,11262
256,993.0,41302.0,0,136,0,80,530
257,41302.0,993.0,0,239,0,39449,150
258,44749.0,993.0,0,48,0,59130,6848
259,993.0,44749.0,0,118,0,930,27121
260,993.0,44749.0,0,181,0,524,24911
261,44749.0,993.0,0,252,0,36193,193
262,443.0,52657.0,0,5,0,123,475
263,52657.0,443.0,0,5,0,60,0
264,993.0,44749.0,0,59,0,81,548
265,41302.0,993.0,0,12,0,274,6496
266,993.0,41302.0,0,10,0,234,6341
267,44749.0,993.0,0,122,0,56293,188
268,993.0,41302.0,0,6,0,157,1371
269,41302.0,993.0,0,8,0,198,1184
270,993.0,44749.0,0,30,0,618,29820
271,44749.0,993.0,0,206,0,48126,1907
272,993.0,44749.0,0,3,0,40,0
273,993.0,41302.0,0,6,0,157,1549
274,41302.0,993.0,0,8,0,234,1388
275,53.0,52480.0,0,2,0,74,0
276,52480.0,53.0,0,2,0,90,64
277,53.0,53259.0,0,2,0,72,0
278,53.0,33341.0,0,1,0,36,0
279,53259.0,53.0,0,2,0,88,128
280,33341.0,53.0,0,1,0,52,0
281,53.0,58722.0,0,2,0,74,0
282,53.0,56559.0,0,1,0,37,0
283,58722.0,53.0,0,2,0,90,127
284,56559.0,53.0,0,1,0,53,0
285,465.0,39222.0,0,23,0,3357,9697
286,39222.0,465.0,0,26,0,4518,7544
287,53.0,60729.0,0,2,0,74,0
288,993.0,58788.0,0,2,0,31,0
289,60729.0,53.0,0,2,0,90,79
290,53.0,46284.0,0,2,0,72,0
291,46284.0,53.0,0,2,0,88,103
292,443.0,47759.0,0,22,0,2158,14882
293,47759.0,443.0,0,23,0,5597,14158
294,993.0,34771.0,0,21,0,2555,4740
295,34771.0,993.0,0,23,0,4633,5459
296,53.0,43460.0,0,2,0,72,0
297,43460.0,53.0,0,2,0,88,126
298,49496.0,993.0,0,239,0,50811,4387
299,993.0,49496.0,0,32,0,537,31165
300,80.0,50670.0,0,7,0,449,0
301,50670.0,80.0,0,6,0,779,0
302,993.0,34772.0,0,19,0,1298,9025
303,34772.0,993.0,0,22,0,2554,8566
304,993.0,58788.0,0,1,0,31,0
305,49496.0,993.0,0,242,0,49123,19377
306,993.0,49496.0,0,12,0,332,6841
307,993.0,58788.0,0,1,0,31,0
308,53.0,47455.0,0,2,0,74,0
309,47455.0,53.0,0,2,0,90,140
310,53.0,52496.0,0,2,0,72,0
311,443.0,47759.0,0,3,0,373,596
312,47759.0,443.0,0,4,0,367,0
313,52496.0,53.0,0,2,0,88,129
314,465.0,39227.0,0,75,0,59167,3682
315,39227.0,465.0,0,240,0,900,14360
316,993.0,34771.0,0,70,0,26485,1815
317,34771.0,993.0,0,143,0,78,6297
318,993.0,34774.0,0,18,0,1340,5238
319,34774.0,993.0,0,22,0,2625,4750
320,53.0,37908.0,0,2,0,74,0
321,37908.0,53.0,0,2,0,90,129
322,53.0,59498.0,0,2,0,72,0
323,443.0,47759.0,0,3,0,373,588
324,47759.0,443.0,0,4,0,427,0
325,59498.0,53.0,0,2,0,88,129
326,53.0,53151.0,0,2,0,72,0
327,443.0,47759.0,0,3,0,373,695
328,47759.0,443.0,0,4,0,563,0
329,53151.0,53.0,0,2,0,88,128
330,465.0,39229.0,0,18,0,3670,5341
331,39229.0,465.0,0,24,0,900,4879
332,993.0,34771.0,0,6,0,1903,479
333,34771.0,993.0,0,6,0,108,5204
334,993.0,34776.0,0,22,0,1340,9271
335,34776.0,993.0,0,24,0,2599,8804
336,53.0,57644.0,0,2,0,72,0
337,443.0,47759.0,0,3,0,373,592
338,47759.0,443.0,0,4,0,406,0
339,57644.0,53.0,0,2,0,88,128
340,53.0,56125.0,0,2,0,74,0
341,56125.0,53.0,0,2,0,90,168
342,53.0,53336.0,0,2,0,72,0
343,53336.0,53.0,0,2,0,88,128
344,443.0,47759.0,0,3,0,373,597
345,47759.0,443.0,0,4,0,385,0
346,465.0,39231.0,0,93,0,20496,3678
347,39231.0,465.0,0,192,0,894,11654
348,49496.0,993.0,0,244,0,49023,5215
349,993.0,49496.0,0,25,0,334,9356
350,993.0,34771.0,0,74,0,26747,686
351,34771.0,993.0,0,138,0,107,6866
352,993.0,34778.0,0,20,0,1340,6607
353,34778.0,993.0,0,23,0,2564,6113
354,53.0,43093.0,0,2,0,74,0
355,43093.0,53.0,0,2,0,90,130
356,53.0,46458.0,0,2,0,72,0
357,443.0,47759.0,0,3,0,373,610
358,47759.0,443.0,0,4,0,394,0
359,46458.0,53.0,0,2,0,88,127
360,53.0,42417.0,0,2,0,72,0
361,42417.0,53.0,0,2,0,88,129
362,443.0,47759.0,0,5,0,373,756
363,47759.0,443.0,0,5,0,502,141
364,465.0,39233.0,0,92,0,20440,4049
365,39233.0,465.0,0,191,0,894,11775
366,49496.0,993.0,0,255,0,49078,4228
367,993.0,49496.0,0,14,0,335,7970
368,993.0,34771.0,0,73,0,24805,516
369,34771.0,993.0,0,137,0,78,6613
370,993.0,34780.0,0,20,0,1359,7289
371,34780.0,993.0,0,25,0,2771,7385
372,53.0,42157.0,0,2,0,72,0
373,443.0,47759.0,0,3,0,373,752
374,47759.0,443.0,0,4,0,550,0
375,42157.0,53.0,0,2,0,88,132
376,53.0,37258.0,0,2,0,74,0
377,37258.0,53.0,0,2,0,90,169
378,53.0,58703.0,0,2,0,72,0
379,58703.0,53.0,0,2,0,88,128
380,443.0,47759.0,0,3,0,373,588
381,47759.0,443.0,0,4,0,528,0
382,465.0,39235.0,0,93,0,20556,4577
383,39235.0,465.0,0,213,0,894,13491
384,49496.0,993.0,0,237,0,49106,3708
385,993.0,49496.0,0,25,0,331,7661
386,34780.0,993.0,0,164,0,870,17397
387,993.0,34780.0,0,90,0,27973,3354
388,53.0,34542.0,0,2,0,72,0
389,465.0,39236.0,0,17,0,3641,5699
390,39236.0,465.0,0,23,0,900,5240
391,443.0,47759.0,0,3,0,373,589
392,47759.0,443.0,0,4,0,366,0
393,34542.0,53.0,0,2,0,88,168
394,49496.0,993.0,0,11,0,49112,3357
395,993.0,49496.0,0,47,0,332,7409
396,993.0,34780.0,0,17,0,2151,5693
397,34780.0,993.0,0,20,0,465,5297
398,53.0,60308.0,0,2,0,74,0
399,60308.0,53.0,0,2,0,90,167
400,53.0,43623.0,0,2,0,72,0
401,43623.0,53.0,0,2,0,88,128
402,465.0,39237.0,0,18,0,3668,5452
403,39237.0,465.0,0,24,0,900,4998
404,443.0,47759.0,0,6,0,746,8194
405,47759.0,443.0,0,8,0,863,7606
406,993.0,34771.0,0,6,0,1901,521
407,34771.0,993.0,0,6,0,109,1149
408,53.0,43169.0,0,2,0,74,0
409,43169.0,53.0,0,2,0,90,123
410,993.0,34784.0,0,20,0,1341,5423
411,34784.0,993.0,0,23,0,2616,4964
412,53.0,46559.0,0,2,0,72,0
413,46559.0,53.0,0,2,0,88,120
414,53.0,46732.0,0,2,0,72,0
415,46732.0,53.0,0,2,0,88,121
416,465.0,39239.0,0,18,0,3641,5228
417,39239.0,465.0,0,22,0,900,4772
418,49496.0,993.0,0,24,0,49118,3794
419,993.0,49496.0,0,49,0,331,8362
420,443.0,47759.0,0,6,0,746,7772
421,47759.0,443.0,0,8,0,862,7160
422,993.0,34771.0,0,5,0,199,635
423,34771.0,993.0,0,5,0,79,1138
424,993.0,34786.0,0,18,0,1340,5163
425,34786.0,993.0,0,22,0,2570,4692
426,53.0,55164.0,0,2,0,72,0
427,55164.0,53.0,0,2,0,88,129
428,53.0,46960.0,0,2,0,72,0
429,46960.0,53.0,0,2,0,88,122
430,465.0,39241.0,0,18,0,3642,5048
431,39241.0,465.0,0,22,0,900,4592
432,993.0,34771.0,0,5,0,199,630
433,34771.0,993.0,0,5,0,79,1026
434,53.0,50428.0,0,2,0,72,0
435,50428.0,53.0,0,2,0,88,120
436,443.0,47759.0,0,6,0,746,7427
437,47759.0,443.0,0,8,0,1027,6803
438,993.0,34788.0,0,22,0,1348,7153
439,34788.0,993.0,0,26,0,2822,6693
440,53.0,50546.0,0,2,0,74,0
441,50546.0,53.0,0,2,0,90,66
442,49496.0,993.0,0,242,0,49058,3353
443,993.0,49496.0,0,17,0,330,7289
444,53.0,51183.0,0,2,0,72,0
445,51183.0,53.0,0,2,0,88,124
446,465.0,39243.0,0,17,0,3642,5657
447,39243.0,465.0,0,23,0,894,5136
448,443.0,47759.0,0,6,0,746,7698
449,47759.0,443.0,0,8,0,670,7100
450,993.0,34771.0,0,6,0,197,461
451,34771.0,993.0,0,6,0,108,1188
452,993.0,34790.0,0,22,0,1340,5968
453,53.0,42255.0,0,2,0,74,0
454,34790.0,993.0,0,24,0,2704,5482
455,42255.0,53.0,0,2,0,90,130
456,53.0,46468.0,0,2,0,72,0
457,46468.0,53.0,0,2,0,88,121
458,53.0,37755.0,0,2,0,72,0
459,37755.0,53.0,0,2,0,88,119
460,465.0,57233.0,0,22,0,3356,5612
461,57233.0,465.0,0,27,0,4506,5147
462,443.0,47759.0,0,6,0,746,8238
463,47759.0,443.0,0,8,0,942,7571
464,49496.0,993.0,0,252,0,49078,4153
465,993.0,49496.0,0,53,0,328,7022
466,993.0,34771.0,0,5,0,196,597
467,34771.0,993.0,0,5,0,108,1195
468,993.0,34792.0,0,18,0,1298,5700
469,34792.0,993.0,0,21,0,2635,5173
470,53.0,33557.0,0,2,0,72,0
471,33557.0,53.0,0,2,0,88,131
472,53.0,54919.0,0,2,0,72,0
473,54919.0,53.0,0,2,0,88,121
474,465.0,57235.0,0,18,0,3642,5330
475,57235.0,465.0,0,22,0,894,4872
476,443.0,47759.0,0,8,0,746,7861
477,47759.0,443.0,0,9,0,1062,7271
478,993.0,34771.0,0,5,0,193,649
479,34771.0,993.0,0,5,0,108,1043
480,53.0,33341.0,0,2,0,72,0
481,33341.0,53.0,0,2,0,88,121
482,993.0,34794.0,0,22,0,1341,6203
483,34794.0,993.0,0,25,0,2774,5742
484,53.0,56382.0,0,2,0,74,0
485,56382.0,53.0,0,2,0,90,168
486,53.0,38964.0,0,2,0,72,0
487,443.0,47759.0,0,3,0,373,635
488,47759.0,443.0,0,4,0,365,0
489,38964.0,53.0,0,2,0,88,121
490,49496.0,993.0,0,17,0,49139,3566
491,993.0,49496.0,0,48,0,331,7653
492,465.0,57237.0,0,90,0,20470,4116
493,57237.0,465.0,0,190,0,888,11390
494,993.0,34771.0,0,71,0,26750,472
495,34771.0,993.0,0,137,0,108,6291
496,53.0,37134.0,0,2,0,74,0
497,37134.0,53.0,0,2,0,90,170
498,53.0,55565.0,0,2,0,72,0
499,443.0,47759.0,0,3,0,373,630
500,47759.0,443.0,0,4,0,400,0
501,55565.0,53.0,0,2,0,88,103
502,993.0,34796.0,0,21,0,1340,5846
503,34796.0,993.0,0,24,0,2665,5311
504,53.0,52070.0,0,2,0,72,0
505,443.0,47759.0,0,3,0,373,608
506,47759.0,443.0,0,4,0,438,0
507,52070.0,53.0,0,2,0,88,101
508,49496.0,993.0,0,20,0,49083,3401
509,993.0,49496.0,0,55,0,331,7456
510,465.0,57239.0,0,94,0,20934,4064
511,57239.0,465.0,0,223,0,894,13765
512,993.0,34771.0,0,66,0,17623,612
513,34771.0,993.0,0,134,0,79,6670
514,53.0,44220.0,0,2,0,72,0
515,443.0,47759.0,0,3,0,373,590
516,47759.0,443.0,0,4,0,327,0
517,44220.0,53.0,0,2,0,88,121
518,993.0,43316.0,0,27,0,1014,5927
519,43316.0,993.0,0,28,0,6369,5423
520,49496.0,993.0,0,254,0,49068,3387
521,993.0,49496.0,0,29,0,333,6780
522,53.0,41073.0,0,2,0,74,0
523,41073.0,53.0,0,2,0,90,139
524,53.0,39102.0,0,2,0,72,0
525,39102.0,53.0,0,2,0,88,121
526,465.0,57241.0,0,17,0,3642,5690
527,57241.0,465.0,0,23,0,900,5165
528,443.0,47759.0,0,6,0,746,8048
529,47759.0,443.0,0,8,0,887,7460
530,993.0,34771.0,0,7,0,1905,463
531,34771.0,993.0,0,7,0,108,1276
532,993.0,43318.0,0,23,0,1341,6043
533,43318.0,993.0,0,25,0,2755,5586
534,53.0,56507.0,0,4,0,144,5006
535,56507.0,53.0,0,4,0,176,430
536,0.0,0.0,0,2,0,144,121
537,53.0,58916.0,0,2,0,72,0
538,58916.0,53.0,0,2,0,88,121
539,465.0,57243.0,0,18,0,3671,5320
540,57243.0,465.0,0,24,0,888,4869
541,443.0,47759.0,0,6,0,746,7816
542,47759.0,443.0,0,8,0,799,7220
543,49496.0,993.0,0,235,0,49183,3932
544,993.0,49496.0,0,12,0,330,6721
545,993.0,34771.0,0,5,0,195,705
546,34771.0,993.0,0,5,0,108,1045
547,993.0,43320.0,0,22,0,1298,5307
548,53.0,47330.0,0,2,0,74,0
549,43320.0,993.0,0,24,0,2737,4816
550,47330.0,53.0,0,2,0,90,130
551,53.0,50655.0,0,2,0,72,0
552,50655.0,53.0,0,2,0,88,104
553,53.0,33574.0,0,2,0,72,0
554,33574.0,53.0,0,2,0,88,121
555,443.0,47759.0,0,3,0,373,597
556,47759.0,443.0,0,4,0,567,0
557,465.0,57245.0,0,89,0,18749,3671
558,57245.0,465.0,0,193,0,900,11018
559,993.0,34771.0,0,68,0,26580,646
560,34771.0,993.0,0,140,0,108,6691
561,53.0,33184.0,0,2,0,72,0
562,33184.0,53.0,0,2,0,88,103
563,443.0,47759.0,0,3,0,373,607
564,47759.0,443.0,0,4,0,528,0
565,993.0,43322.0,0,24,0,1390,6318
566,43322.0,993.0,0,27,0,2857,5861
567,49496.0,993.0,0,253,0,49144,3180
568,993.0,49496.0,0,29,0,332,6467
569,53.0,33766.0,0,2,0,74,0
570,33766.0,53.0,0,2,0,90,140
571,53.0,60962.0,0,2,0,72,0
572,443.0,47759.0,0,3,0,373,584
573,47759.0,443.0,0,4,0,345,0
574,60962.0,53.0,0,2,0,88,120
575,465.0,57247.0,0,88,0,18865,3964
576,57247.0,465.0,0,185,0,900,11418
577,993.0,34771.0,0,68,0,23582,625
578,34771.0,993.0,0,127,0,108,6483
579,53.0,43167.0,0,2,0,74,0
580,43167.0,53.0,0,2,0,90,137
581,53.0,56944.0,0,2,0,72,0
582,443.0,47759.0,0,3,0,373,594
583,47759.0,443.0,0,4,0,368,0
584,56944.0,53.0,0,2,0,88,121
585,993.0,43324.0,0,22,0,1359,8296
586,43324.0,993.0,0,26,0,2903,8296
587,53.0,46083.0,0,2,0,72,0
588,46083.0,53.0,0,2,0,88,121
589,49496.0,993.0,0,1,0,49096,3590
590,993.0,49496.0,0,41,0,329,7460
591,443.0,47759.0,0,3,0,373,704
592,47759.0,443.0,0,4,0,336,0
593,465.0,57249.0,0,93,0,20992,4590
594,57249.0,465.0,0,212,0,896,11898
595,993.0,43324.0,0,86,0,27626,1151
596,43324.0,993.0,0,160,0,477,9070
597,53.0,33356.0,0,2,0,74,0
598,33356.0,53.0,0,2,0,90,4
599,53.0,57133.0,0,2,0,72,0
600,57133.0,53.0,0,2,0,88,0
601,49496.0,993.0,0,237,0,49242,3605
602,993.0,49496.0,0,14,0,451,8244
603,465.0,57250.0,0,19,0,3671,6270
604,57250.0,465.0,0,23,0,902,5662
605,443.0,47759.0,0,6,0,746,8261
606,47759.0,443.0,0,8,0,813,7726
607,993.0,34771.0,0,7,0,1902,529
608,34771.0,993.0,0,7,0,108,1254
609,53.0,56124.0,0,2,0,72,0
610,56124.0,53.0,0,2,0,88,103
611,993.0,43327.0,0,22,0,1340,6173
612,43327.0,993.0,0,24,0,2777,5488
613,53.0,50471.0,0,2,0,72,0
614,443.0,47759.0,0,3,0,373,594
615,47759.0,443.0,0,4,0,343,0
616,50471.0,53.0,0,2,0,88,101
617,465.0,57252.0,0,94,0,21021,4732
618,57252.0,465.0,0,203,0,902,12506
619,993.0,34771.0,0,69,0,26671,549
620,34771.0,993.0,0,134,0,108,6571
621,49496.0,993.0,0,235,0,49020,4107
622,993.0,49496.0,0,30,0,329,7111
623,993.0,43329.0,0,23,0,1340,6032
624,53.0,56420.0,0,2,0,74,0
625,43329.0,993.0,0,25,0,2793,5402
626,56420.0,53.0,0,2,0,90,121
627,53.0,52188.0,0,2,0,72,0
628,443.0,47759.0,0,3,0,373,582
629,47759.0,443.0,0,4,0,357,0
630,52188.0,53.0,0,2,0,88,106
631,53.0,34019.0,0,2,0,72,0
632,443.0,47759.0,0,5,0,373,760
633,47759.0,443.0,0,5,0,396,144
634,34019.0,53.0,0,2,0,88,122
635,465.0,57254.0,0,94,0,20441,4541
636,57254.0,465.0,0,187,0,896,11766
637,993.0,34771.0,0,74,0,27208,538
638,34771.0,993.0,0,142,0,108,6441
639,53.0,56228.0,0,2,0,72,0
640,443.0,47759.0,0,3,0,373,553
641,47759.0,443.0,0,4,0,492,0
642,56228.0,53.0,0,2,0,88,0
643,49496.0,993.0,0,242,0,49087,3262
644,993.0,49496.0,0,9,0,330,6176
645,993.0,43331.0,0,23,0,1340,6989
646,43331.0,993.0,0,25,0,2788,6338
647,53.0,45098.0,0,2,0,74,0
648,45098.0,53.0,0,2,0,90,119
649,53.0,56694.0,0,2,0,72,0
650,443.0,47759.0,0,3,0,373,602
651,47759.0,443.0,0,4,0,442,0
652,56694.0,53.0,0,2,0,88,119
653,465.0,57256.0,0,91,0,20905,4309
654,57256.0,465.0,0,199,0,896,12161
655,49496.0,993.0,0,224,0,49110,3685
656,993.0,49496.0,0,16,0,329,6212
657,993.0,34771.0,0,70,0,27120,548
658,34771.0,993.0,0,142,0,108,6633
659,53.0,35949.0,0,2,0,74,0
660,35949.0,53.0,0,2,0,90,121
661,53.0,58527.0,0,2,0,72,0
662,443.0,47759.0,0,3,0,373,656
663,47759.0,443.0,0,4,0,499,0
664,58527.0,53.0,0,2,0,88,64
665,993.0,43333.0,0,20,0,1359,6783
666,43333.0,993.0,0,25,0,2831,6747
667,53.0,33179.0,0,2,0,72,0
668,443.0,47759.0,0,5,0,373,740
669,47759.0,443.0,0,5,0,383,128
670,33179.0,53.0,0,2,0,88,328
671,465.0,57258.0,0,98,0,21166,4897
672,57258.0,465.0,0,246,0,902,16807
673,49496.0,993.0,0,14,0,690,5776
674,993.0,49496.0,0,11,0,244,5014
675,43333.0,993.0,0,202,0,631,13746
676,993.0,43333.0,0,78,0,27203,3779
677,993.0,49496.0,0,92,0,406,22685
678,49496.0,993.0,0,11,0,49192,2143
679,993.0,43333.0,0,9,0,449,4013
680,43333.0,993.0,0,13,0,281,4037
681,443.0,47759.0,0,4,0,123,502
682,47759.0,443.0,0,6,0,60,0
683,993.0,49496.0,0,17,0,531,59773
684,49496.0,993.0,0,179,0,32156,1011
685,993.0,49496.0,0,7,0,411,35900
686,49496.0,993.0,0,233,0,49087,2512
687,49496.0,993.0,0,221,0,49037,2729
688,993.0,49496.0,0,9,0,251,40040
689,993.0,49496.0,0,25,0,393,41613
690,49496.0,993.0,0,215,0,49060,2649
691,49496.0,993.0,0,3,0,110,497
692,993.0,49496.0,0,2,0,40,0
693,53.0,42977.0,0,2,0,74,0
694,42977.0,53.0,0,2,0,90,182
695,465.0,50591.0,0,22,0,3353,7701
696,50591.0,465.0,0,27,0,4513,7143
697,53.0,45510.0,0,2,0,72,0
698,53.0,53019.0,0,1,0,36,0
699,45510.0,53.0,0,2,0,88,143
700,53019.0,53.0,0,1,0,52,0
701,443.0,46669.0,0,13,0,1101,1099
702,46669.0,443.0,0,14,0,4557,592
703,465.0,50593.0,0,17,0,3641,5901
704,50593.0,465.0,0,23,0,895,5349
705,53.0,43385.0,0,2,0,72,0
706,443.0,46669.0,0,3,0,373,420
707,46669.0,443.0,0,4,0,424,0
708,43385.0,53.0,0,2,0,88,167
709,53.0,44508.0,0,2,0,72,0
710,44508.0,53.0,0,2,0,88,142
711,995.0,60312.0,0,162,0,1034,27941
712,60312.0,995.0,0,12,0,45545,6289
713,443.0,46669.0,0,4,0,123,763
714,46669.0,443.0,0,6,0,60,0
715,53.0,42427.0,0,2,0,74,0
716,42427.0,53.0,0,2,0,90,142
717,53.0,34359.0,0,2,0,72,0
718,443.0,46673.0,0,10,0,1337,1138
719,46673.0,443.0,0,11,0,1039,542
720,53.0,36916.0,0,1,0,36,0
721,34359.0,53.0,0,2,0,88,182
722,36916.0,53.0,0,1,0,52,0
723,465.0,50595.0,0,97,0,21368,5522
724,50595.0,465.0,0,247,0,901,16290
725,53.0,43844.0,0,2,0,72,0
726,43844.0,53.0,0,2,0,88,143
727,443.0,42681.0,0,11,0,686,1409
728,42681.0,443.0,0,13,0,3556,891
729,53.0,39524.0,0,2,0,72,0
730,443.0,46673.0,0,3,0,373,595
731,46673.0,443.0,0,4,0,359,0
732,39524.0,53.0,0,2,0,88,142
733,465.0,50598.0,0,94,0,13459,5583
734,50598.0,465.0,0,251,0,895,16198
735,53.0,36755.0,0,2,0,74,0
736,36755.0,53.0,0,2,0,90,182
737,53.0,56260.0,0,2,0,72,0
738,443.0,46673.0,0,3,0,373,420
739,46673.0,443.0,0,4,0,427,0
740,56260.0,53.0,0,2,0,88,167
741,465.0,50599.0,0,97,0,20701,4522
742,50599.0,465.0,0,227,0,901,12456
743,53.0,38834.0,0,2,0,72,0
744,443.0,46673.0,0,3,0,373,380
745,46673.0,443.0,0,4,0,341,0
746,38834.0,53.0,0,2,0,88,180
747,465.0,50600.0,0,92,0,20353,4267
748,50600.0,465.0,0,210,0,901,13804
749,53.0,52324.0,0,2,0,74,0
750,465.0,50601.0,0,17,0,3641,6420
751,50601.0,465.0,0,23,0,895,5845
752,52324.0,53.0,0,2,0,90,214
753,443.0,46673.0,0,3,0,373,390
754,53.0,53215.0,0,2,0,72,0
755,46673.0,443.0,0,4,0,316,0
756,53215.0,53.0,0,2,0,88,142
757,53.0,47730.0,0,2,0,72,0
758,443.0,46673.0,0,3,0,373,424
759,46673.0,443.0,0,4,0,330,0
760,47730.0,53.0,0,2,0,88,169
761,465.0,50602.0,0,88,0,10186,4279
762,50602.0,465.0,0,219,0,901,11992
763,53.0,36724.0,0,2,0,72,0
764,443.0,46673.0,0,3,0,373,386
765,46673.0,443.0,0,4,0,329,0
766,36724.0,53.0,0,2,0,88,173
767,465.0,50603.0,0,87,0,14072,4304
768,50603.0,465.0,0,198,0,895,12364
769,465.0,50604.0,0,18,0,3671,5498
770,53.0,38647.0,0,2,0,74,0
771,50604.0,465.0,0,24,0,907,4982
772,38647.0,53.0,0,2,0,90,142
773,53.0,47170.0,0,2,0,72,0
774,443.0,46673.0,0,3,0,373,390
775,46673.0,443.0,0,4,0,549,0
776,47170.0,53.0,0,2,0,88,188
777,465.0,50605.0,0,17,0,3642,6558
778,50605.0,465.0,0,23,0,901,5993
779,53.0,40771.0,0,2,0,72,0
780,443.0,46673.0,0,3,0,373,422
781,46673.0,443.0,0,4,0,566,0
782,40771.0,53.0,0,2,0,88,170
783,53.0,36012.0,0,2,0,72,0
784,443.0,46673.0,0,3,0,373,422
785,46673.0,443.0,0,4,0,445,0
786,36012.0,53.0,0,2,0,88,169
787,465.0,50606.0,0,88,0,18715,3969
788,50606.0,465.0,0,179,0,901,12354
789,53.0,47138.0,0,2,0,74,0
790,47138.0,53.0,0,2,0,90,143
791,53.0,59609.0,0,2,0,72,0
792,443.0,46673.0,0,3,0,373,554
793,46673.0,443.0,0,4,0,421,0
794,59609.0,53.0,0,2,0,88,142
795,465.0,50607.0,0,93,0,20383,3978
796,50607.0,465.0,0,226,0,895,14726
797,53.0,40679.0,0,2,0,72,0
798,443.0,46673.0,0,3,0,373,536
799,46673.0,443.0,0,4,0,568,0
800,40679.0,53.0,0,2,0,88,109
801,465.0,50608.0,0,94,0,20410,3731
802,50608.0,465.0,0,182,0,896,10124
803,53.0,52716.0,0,2,0,72,0
804,52716.0,53.0,0,2,0,88,172
805,53.0,46962.0,0,2,0,72,0
806,443.0,46673.0,0,3,0,373,393
807,46673.0,443.0,0,4,0,525,0
808,46962.0,53.0,0,2,0,88,141
809,995.0,59253.0,0,48,0,646,23183
810,59253.0,995.0,0,171,0,24670,5096
811,465.0,50610.0,0,101,0,14306,7457
812,50610.0,465.0,0,181,0,896,19152
813,53.0,47901.0,0,2,0,74,0
814,47901.0,53.0,0,2,0,90,185
815,53.0,53320.0,0,2,0,72,0
816,443.0,46673.0,0,3,0,373,390
817,46673.0,443.0,0,4,0,419,0
818,53320.0,53.0,0,2,0,88,183
819,59253.0,995.0,0,108,0,31252,166
820,995.0,59253.0,0,141,0,185,25227
821,465.0,50611.0,0,101,0,10563,6324
822,50611.0,465.0,0,176,0,896,17190
823,995.0,59253.0,0,72,0,255,20036
824,59253.0,995.0,0,27,0,41551,155
825,465.0,57408.0,0,99,0,20760,4099
826,57408.0,465.0,0,170,0,902,10331
827,53.0,41724.0,0,2,0,72,0
828,443.0,46673.0,0,3,0,373,594
829,46673.0,443.0,0,4,0,318,0
830,41724.0,53.0,0,2,0,88,133
831,465.0,57409.0,0,92,0,20557,3131
832,57409.0,465.0,0,175,0,902,9700
833,53.0,45730.0,0,2,0,72,0
834,443.0,46673.0,0,3,0,373,379
835,46673.0,443.0,0,4,0,508,0
836,45730.0,53.0,0,2,0,88,169
837,53.0,46219.0,0,2,0,74,0
838,46219.0,53.0,0,2,0,90,172
839,53.0,35071.0,0,2,0,72,0
840,443.0,46673.0,0,3,0,373,391
841,46673.0,443.0,0,4,0,425,0
842,35071.0,53.0,0,2,0,88,103
843,465.0,57410.0,0,96,0,20615,3451
844,57410.0,465.0,0,189,0,902,11727
845,465.0,57411.0,0,101,0,21311,3250
846,57411.0,465.0,0,218,0,902,9052
847,53.0,53325.0,0,2,0,72,0
848,443.0,46673.0,0,3,0,373,523
849,46673.0,443.0,0,4,0,323,0
850,53325.0,53.0,0,2,0,88,170
851,465.0,57412.0,0,96,0,21137,3387
852,57412.0,465.0,0,171,0,896,9364
853,53.0,59636.0,0,2,0,72,0
854,443.0,46673.0,0,3,0,373,382
855,46673.0,443.0,0,4,0,499,0
856,59636.0,53.0,0,2,0,88,169
857,465.0,57413.0,0,98,0,21253,3181
858,53.0,34233.0,0,2,0,74,0
859,57413.0,465.0,0,210,0,896,9073
860,34233.0,53.0,0,2,0,90,161
861,53.0,54592.0,0,2,0,72,0
862,443.0,46673.0,0,3,0,373,445
863,46673.0,443.0,0,4,0,344,0
864,54592.0,53.0,0,2,0,88,169
865,465.0,57414.0,0,18,0,3642,4605
866,57414.0,465.0,0,22,0,902,4183
867,53.0,56921.0,0,2,0,72,0
868,443.0,46673.0,0,3,0,373,452
869,46673.0,443.0,0,4,0,402,0
870,56921.0,53.0,0,2,0,88,170
871,465.0,57415.0,0,92,0,20441,3295
872,57415.0,465.0,0,166,0,902,9112
873,53.0,41109.0,0,2,0,72,0
874,443.0,46673.0,0,7,0,496,59722
875,46673.0,443.0,0,9,0,499,59259
876,41109.0,53.0,0,2,0,88,184
877,53.0,54430.0,0,2,0,74,0
878,54430.0,53.0,0,2,0,90,95
879,53.0,51335.0,0,2,0,74,0
880,53.0,50525.0,0,1,0,37,0
881,51335.0,53.0,0,2,0,90,0
882,50525.0,53.0,0,1,0,53,0
883,53.0,54834.0,0,2,0,72,0
884,53.0,58211.0,0,1,0,36,0
885,54834.0,53.0,0,2,0,88,95
886,58211.0,53.0,0,1,0,52,0
887,443.0,48816.0,0,18,0,1123,1649
888,48816.0,443.0,0,17,0,4620,1143
889,465.0,48621.0,0,112,0,20944,7714
890,48621.0,465.0,0,3,0,4505,18636
891,53.0,57001.0,0,2,0,74,0
892,57001.0,53.0,0,2,0,90,158
893,80.0,52142.0,0,8,0,451,0
894,52142.0,80.0,0,7,0,779,124
895,53.0,35385.0,0,2,0,72,0
896,443.0,48816.0,0,6,0,788,778
897,48816.0,443.0,0,7,0,731,0
898,35385.0,53.0,0,2,0,88,97
899,53.0,38612.0,0,2,0,72,0
900,38612.0,53.0,0,2,0,88,96
901,993.0,55288.0,0,26,0,1191,13493
902,993.0,55289.0,0,101,0,27879,4535
903,55288.0,993.0,0,32,0,5563,13927
904,55289.0,993.0,0,191,0,4629,12705
905,36753.0,993.0,0,22,0,3682,4624
906,993.0,36753.0,0,18,0,369,4176
907,53.0,37043.0,0,2,0,72,0
908,443.0,48816.0,0,3,0,394,348
909,48816.0,443.0,0,4,0,473,0
910,37043.0,53.0,0,2,0,88,97
911,465.0,48626.0,0,98,0,21257,4865
912,48626.0,465.0,0,14,0,905,14012
913,993.0,55288.0,0,118,0,44276,1440
914,55288.0,993.0,0,219,0,101,730
915,443.0,48816.0,0,3,0,123,5305
916,48816.0,443.0,0,5,0,60,0
917,993.0,55288.0,0,38,0,48498,10897
918,55288.0,993.0,0,108,0,209,2891
919,53.0,48439.0,0,2,0,74,0
920,48439.0,53.0,0,2,0,90,101
921,53.0,36761.0,0,2,0,72,0
922,53.0,59102.0,0,1,0,36,0
923,36761.0,53.0,0,2,0,88,0
924,59102.0,53.0,0,1,0,52,0
925,443.0,48821.0,0,13,0,1359,1887
926,48821.0,443.0,0,13,0,890,1210
927,36753.0,993.0,0,37,0,48321,12312
928,993.0,36753.0,0,21,0,570,17451
929,53.0,33886.0,0,2,0,74,0
930,993.0,55291.0,0,179,0,2027,25110
931,55291.0,993.0,0,195,0,30070,13056
932,33886.0,53.0,0,2,0,90,96
933,53.0,59909.0,0,2,0,72,0
934,59909.0,53.0,0,2,0,88,64
935,36753.0,993.0,0,26,0,2644,6034
936,993.0,36753.0,0,20,0,447,5561
937,443.0,48821.0,0,3,0,394,4390
938,48821.0,443.0,0,4,0,494,0
939,465.0,34448.0,0,106,0,21118,17253
940,34448.0,465.0,0,248,0,4505,27493
941,993.0,55291.0,0,167,0,27383,16655
942,55291.0,993.0,0,129,0,11898,702
943,55291.0,993.0,0,185,0,18550,74
944,993.0,55291.0,0,143,0,428,2441
945,993.0,36753.0,0,8,0,120,1123
946,36753.0,993.0,0,8,0,1502,1484
947,53.0,58296.0,0,2,0,72,0
948,443.0,48821.0,0,5,0,394,638
949,48821.0,443.0,0,5,0,479,112
950,58296.0,53.0,0,2,0,88,95
951,465.0,34449.0,0,96,0,21228,5290
952,34449.0,465.0,0,241,0,893,14123
953,55291.0,993.0,0,196,0,926,14618
954,993.0,55291.0,0,94,0,27692,3186
955,53.0,46199.0,0,2,0,74,0
956,46199.0,53.0,0,2,0,90,87
957,53.0,40988.0,0,2,0,72,0
958,443.0,48821.0,0,5,0,394,491
959,48821.0,443.0,0,5,0,516,68
960,40988.0,53.0,0,2,0,88,54
961,36753.0,993.0,0,189,0,32384,3756
962,993.0,36753.0,0,140,0,421,12955
963,465.0,34450.0,0,96,0,21402,5160
964,34450.0,465.0,0,239,0,899,11900
965,55291.0,993.0,0,179,0,848,12610
966,993.0,55291.0,0,94,0,27815,3189
967,36753.0,993.0,0,7,0,49146,5118
968,993.0,36753.0,0,250,0,332,9852
969,53.0,44280.0,0,2,0,72,0
970,443.0,48821.0,0,5,0,394,602
971,48821.0,443.0,0,5,0,514,112
972,44280.0,53.0,0,2,0,88,97
973,465.0,48632.0,0,96,0,21315,4122
974,48632.0,465.0,0,233,0,899,10368
975,55291.0,993.0,0,172,0,834,13338
976,993.0,55291.0,0,89,0,27756,3612
977,36753.0,993.0,0,21,0,3330,4842
978,993.0,36753.0,0,17,0,335,4321
979,53.0,39890.0,0,2,0,74,0
980,39890.0,53.0,0,2,0,90,103
981,53.0,53412.0,0,2,0,72,0
982,465.0,48633.0,0,10,0,650,1433
983,48633.0,465.0,0,9,0,467,635
984,53412.0,53.0,0,2,0,88,96
985,53.0,44149.0,0,2,0,72,0
986,44149.0,53.0,0,2,0,88,96
987,443.0,48821.0,0,8,0,788,10138
988,48821.0,443.0,0,9,0,870,9746
989,36753.0,993.0,0,19,0,1349,4876
990,993.0,36753.0,0,13,0,329,4347
991,465.0,34453.0,0,100,0,21400,4190
992,34453.0,465.0,0,237,0,899,13153
993,993.0,55291.0,0,88,0,27638,1008
994,55291.0,993.0,0,169,0,496,9436
995,36753.0,993.0,0,21,0,1364,5687
996,993.0,36753.0,0,19,0,331,5240
997,53.0,55062.0,0,2,0,72,0
998,55062.0,53.0,0,2,0,88,96
999,443.0,48821.0,0,5,0,394,811
1000,48821.0,443.0,0,5,0,531,189
1001,993.0,36753.0,0,9,0,200,2275
1002,36753.0,993.0,0,11,0,242,2269
1003,465.0,34454.0,0,104,0,21199,4683
1004,34454.0,465.0,0,254,0,899,15819
1005,993.0,55288.0,0,76,0,27294,1545
1006,55288.0,993.0,0,162,0,157,7027
1007,53.0,50238.0,0,2,0,74,0
1008,50238.0,53.0,0,2,0,90,96
1009,53.0,35851.0,0,2,0,72,0
1010,48821.0,443.0,0,5,0,507,105
1011,35851.0,53.0,0,2,0,88,96
1012,993.0,53706.0,0,26,0,1056,5740
1013,53706.0,993.0,0,28,0,6313,5098
1014,53.0,59337.0,0,2,0,74,0
1015,59337.0,53.0,0,2,0,90,96
1016,53.0,55647.0,0,2,0,72,0
1017,55647.0,53.0,0,2,0,88,98
1018,443.0,48821.0,0,10,0,788,11384
1019,48821.0,443.0,0,5,0,496,112
1020,36753.0,993.0,0,21,0,1997,4539
1021,993.0,36753.0,0,17,0,333,3982
1022,465.0,34456.0,0,95,0,21402,4246
1023,34456.0,465.0,0,223,0,887,10236
1024,993.0,55288.0,0,77,0,27276,989
1025,55288.0,993.0,0,152,0,158,7091
1026,993.0,53708.0,0,6,0,611,899
1027,53708.0,993.0,0,6,0,232,349
1028,36753.0,993.0,0,21,0,1335,4460
1029,993.0,36753.0,0,17,0,329,4014
1030,55288.0,993.0,0,6,0,192,1791
1031,993.0,55288.0,0,5,0,106,831
1032,53.0,55296.0,0,2,0,72,0
1033,55296.0,53.0,0,2,0,88,86
1034,443.0,48821.0,0,6,0,788,4236
1035,48821.0,443.0,0,8,0,801,3640
1036,53.0,39600.0,0,2,0,72,0
1037,39600.0,53.0,0,2,0,88,96
1038,53708.0,993.0,0,19,0,2503,5391
1039,993.0,53708.0,0,16,0,728,4788
1040,465.0,33184.0,0,100,0,20856,5826
1041,33184.0,465.0,0,245,0,4517,11822
1042,36753.0,993.0,0,20,0,1332,5757
1043,993.0,36753.0,0,16,0,328,4948
1044,993.0,55288.0,0,78,0,27196,922
1045,55288.0,993.0,0,151,0,186,6865
1046,53.0,35285.0,0,2,0,74,0
1047,35285.0,53.0,0,2,0,90,96
1048,53.0,49593.0,0,2,0,72,0
1049,443.0,48821.0,0,5,0,394,501
1050,48821.0,443.0,0,5,0,500,112
1051,49593.0,53.0,0,2,0,88,98
1052,53710.0,993.0,0,27,0,2844,7354
1053,993.0,53710.0,0,25,0,1358,7435
1054,53.0,55433.0,0,2,0,74,0
1055,55433.0,53.0,0,2,0,90,98
1056,53.0,59064.0,0,2,0,72,0
1057,59064.0,53.0,0,2,0,88,95
1058,443.0,48821.0,0,5,0,394,632
1059,48821.0,443.0,0,5,0,552,111
1060,465.0,33186.0,0,98,0,21200,4106
1061,33186.0,465.0,0,224,0,881,9776
1062,36753.0,993.0,0,237,0,49449,4482
1063,993.0,36753.0,0,220,0,334,8162
1064,993.0,53710.0,0,88,0,27669,1001
1065,53710.0,993.0,0,182,0,645,9987
1066,53.0,32879.0,0,2,0,72,0
1067,32879.0,53.0,0,2,0,88,95
1068,443.0,48821.0,0,5,0,394,503
1069,48821.0,443.0,0,5,0,379,112
1070,465.0,34461.0,0,95,0,21200,4469
1071,34461.0,465.0,0,217,0,899,10641
1072,993.0,36753.0,0,231,0,692,20135
1073,36753.0,993.0,0,0,0,49773,14649
1074,993.0,53710.0,0,97,0,27974,3445
1075,53710.0,993.0,0,178,0,819,17544
1076,53.0,50548.0,0,2,0,72,0
1077,50548.0,53.0,0,2,0,88,95
1078,443.0,48821.0,0,5,0,394,528
1079,48821.0,443.0,0,5,0,444,110
1080,36753.0,993.0,0,20,0,3428,4973
1081,993.0,36753.0,0,15,0,332,4469
1082,465.0,34462.0,0,95,0,20881,4138
1083,34462.0,465.0,0,213,0,905,9986
1084,993.0,53710.0,0,88,0,27767,1010
1085,53710.0,993.0,0,165,0,551,9990
1086,36753.0,993.0,0,20,0,1261,5309
1087,993.0,36753.0,0,18,0,330,4311
1088,53.0,37062.0,0,2,0,74,0
1089,37062.0,53.0,0,2,0,90,95
1090,53.0,58100.0,0,2,0,72,0
1091,58100.0,53.0,0,2,0,88,96
1092,443.0,48821.0,0,3,0,394,438
1093,48821.0,443.0,0,4,0,474,0
1094,465.0,34463.0,0,115,0,21345,5837
1095,34463.0,465.0,0,87,0,893,25592
1096,36753.0,993.0,0,235,0,48300,4855
1097,993.0,36753.0,0,203,0,331,8264
1098,53710.0,993.0,0,220,0,870,18785
1099,993.0,53710.0,0,97,0,27982,6880
1100,53.0,46179.0,0,2,0,72,0
1101,443.0,48821.0,0,3,0,394,454
1102,48821.0,443.0,0,4,0,334,0
1103,53.0,51337.0,0,2,0,72,0
1104,993.0,36753.0,0,16,0,324,5849
1105,36753.0,993.0,0,18,0,507,5796
1106,53.0,32988.0,0,2,0,72,0
1107,465.0,33190.0,0,98,0,21314,4902
1108,33190.0,465.0,0,17,0,901,13704
1109,53.0,46179.0,0,2,0,72,0
1110,46179.0,53.0,0,4,0,232,5556
1111,0.0,0.0,0,2,0,172,0
1112,51337.0,53.0,0,2,0,116,0
1113,0.0,0.0,0,2,0,172,0
1114,32988.0,53.0,0,2,0,116,0
1115,0.0,0.0,0,2,0,172,0
1116,993.0,53710.0,0,96,0,27742,4155
1117,53710.0,993.0,0,197,0,741,14624
1118,53.0,49859.0,0,2,0,74,0
1119,49859.0,53.0,0,2,0,118,0
1120,53.0,59793.0,0,2,0,72,0
1121,443.0,48821.0,0,5,0,394,612
1122,48821.0,443.0,0,5,0,560,204
1123,59793.0,53.0,0,2,0,116,0
1124,465.0,33191.0,0,98,0,21374,5633
1125,33191.0,465.0,0,10,0,895,15625
1126,9052.0,34081.0,0,7,0,38,4
1127,34081.0,9052.0,0,5,0,114,2
1128,9052.0,34082.0,0,7,0,38,2
1129,34082.0,9052.0,0,5,0,114,2
1130,9052.0,34083.0,0,7,0,42,1
1131,34083.0,9052.0,0,5,0,66,2
1132,9108.0,39514.0,0,8,0,51,2595
1133,39514.0,9108.0,0,9,0,172,3288
1134,9108.0,39515.0,0,5,0,32,0
1135,39515.0,9108.0,0,4,0,2,0
1136,36753.0,993.0,0,217,0,32505,15978
1137,993.0,36753.0,0,160,0,612,26946
1138,39515.0,9108.0,0,2,0,10,0
1139,53710.0,993.0,0,170,0,946,19357
1140,993.0,53710.0,0,98,0,28093,3909
1141,9108.0,39516.0,0,8,0,51,4307
1142,39516.0,9108.0,0,9,0,500,4998
1143,53.0,42315.0,0,2,0,72,0
1144,42315.0,53.0,0,2,0,116,0
1145,443.0,48821.0,0,3,0,394,429
1146,48821.0,443.0,0,4,0,384,0
1147,9108.0,39518.0,0,8,0,51,1367
1148,39518.0,9108.0,0,9,0,448,1761
1149,465.0,53566.0,0,102,0,20684,6266
1150,53566.0,465.0,0,33,0,4513,17364
1151,993.0,53710.0,0,89,0,27800,1070
1152,53710.0,993.0,0,173,0,577,9246
1153,36753.0,993.0,0,242,0,51213,4577
1154,993.0,36753.0,0,223,0,418,9157
1155,53.0,43606.0,0,2,0,74,0
1156,43606.0,53.0,0,2,0,118,0
1157,53.0,50224.0,0,2,0,72,0
1158,443.0,48821.0,0,5,0,394,609
1159,48821.0,443.0,0,5,0,387,196
1160,50224.0,53.0,0,2,0,116,0
1161,465.0,53568.0,0,97,0,21084,4982
1162,53568.0,465.0,0,251,0,895,15092
1163,993.0,55288.0,0,76,0,27120,1027
1164,55288.0,993.0,0,156,0,157,7057
1165,53.0,39065.0,0,2,0,74,0
1166,39065.0,53.0,0,2,0,118,0
1167,53.0,33333.0,0,2,0,72,0
1168,33333.0,53.0,0,2,0,116,0
1169,993.0,36949.0,0,21,0,1340,7128
1170,36949.0,993.0,0,24,0,2758,6486
1171,36753.0,993.0,0,236,0,36200,3631
1172,993.0,36753.0,0,193,0,328,7078
1173,443.0,48821.0,0,8,0,788,8009
1174,48821.0,443.0,0,9,0,904,7403
1175,53.0,43708.0,0,2,0,72,0
1176,43708.0,53.0,0,2,0,116,0
1177,465.0,60242.0,0,103,0,21119,5584
1178,60242.0,465.0,0,252,0,4501,14625
1179,993.0,55288.0,0,80,0,27355,1052
1180,55288.0,993.0,0,162,0,155,7368
1181,53.0,55115.0,0,2,0,72,0
1182,55115.0,53.0,0,2,0,116,0
1183,993.0,36951.0,0,23,0,1340,6697
1184,36951.0,993.0,0,25,0,2792,5823
1185,53.0,38149.0,0,2,0,74,0
1186,38149.0,53.0,0,2,0,118,0
1187,53.0,41639.0,0,2,0,72,0
1188,41639.0,53.0,0,2,0,116,0
1189,443.0,48821.0,0,8,0,788,9774
1190,48821.0,443.0,0,9,0,860,9247
1191,36753.0,993.0,0,242,0,49061,4005
1192,993.0,36753.0,0,204,0,331,8100
1193,465.0,60244.0,0,108,0,21229,5202
1194,60244.0,465.0,0,44,0,889,20528
1195,53.0,32918.0,0,2,0,74,0
1196,32918.0,53.0,0,2,0,118,0
1197,993.0,55288.0,0,78,0,27355,1117
1198,55288.0,993.0,0,174,0,155,7501
1199,53.0,60831.0,0,2,0,72,0
1200,60831.0,53.0,0,2,0,116,0
1201,993.0,36953.0,0,20,0,1341,9059
1202,36953.0,993.0,0,23,0,2622,7887
1203,53.0,48933.0,0,2,0,72,0
1204,48933.0,53.0,0,2,0,116,0
1205,443.0,48821.0,0,10,0,788,8190
1206,48821.0,443.0,0,10,0,745,7801
1207,36753.0,993.0,0,47,0,49129,5148
1208,993.0,36753.0,0,100,0,332,23099
1209,465.0,53574.0,0,100,0,21664,6032
1210,53574.0,465.0,0,89,0,901,21287
1211,993.0,55288.0,0,79,0,27322,938
1212,55288.0,993.0,0,177,0,156,7625
1213,53.0,50942.0,0,2,0,72,0
1214,50942.0,53.0,0,2,0,116,0
1215,993.0,36955.0,0,22,0,1341,6268
1216,36955.0,993.0,0,25,0,2834,5474
1217,443.0,48821.0,0,8,0,788,7038
1218,48821.0,443.0,0,9,0,925,6677
1219,53.0,35056.0,0,2,0,74,0
1220,465.0,53576.0,0,73,0,27147,5168
1221,53576.0,465.0,0,159,0,732,4456
1222,35056.0,53.0,0,2,0,118,0
1223,53.0,56540.0,0,2,0,72,0
1224,56540.0,53.0,0,2,0,116,0
